Title,Date of composition (Morley-Bruerton/philology),Date of composition (Stilometry),Publication,Date of publication,Genre,Subgenre,File,Source
"Abanillo, El",1615,1610-1624,Manuscrito,Sin fecha,Comedia,Urbano,ABANILLO_EL.txt,Artelope
"Acero de Madrid, El",1608-1612,1600-1614,Parte XI,1618,Comedia,Urbano,ACERO_DE_MADRID_EL.txt,Artelope
Adonis y Venus,1597-1603,1615-1629,Parte XVI,1621,Drama,Mitológico,ADONIS_Y_VENUS.txt,Artelope
Al pasar del arroyo,1616,1605-1619,Parte XII,1619,Comedia,Urbano,AL_PASAR_EL_ARROYO.txt,Artelope
"Alcaide de Madrid, El",1599,1587-1604,Parte XIII,1620,Drama,Historial religioso,ALCAIDE_DE_MADRID_EL.txt,Artelope
"Alcalde mayor, El",1604-1612,1600-1614,Parte XIII,1620,Comedia,Urbano,ALCALDE_MAYOR_EL.txt,Artelope
"Almenas de toro, Las",1610-1613,1605-1619,Parte XIV,1620,Drama,Historial profano,ALMENAS_DE_TORO_LAS.txt,Artelope
"Amante agradecido, El",1602,1595-1609,Parte X,1618,Comedia,Urbano,AMANTE_AGRADECIDO_EL.txt,Artelope
"Amantes sin amor, Los",1601-1602,1595-1609,Parte XIV,1620,Comedia,Urbano,AMANTES_SIN_AMOR_LOS.txt,Artelope
Amar como se ha de amar,1620-1625,1615-1629,Suelta,Sin fecha,Comedia,Palatino,AMAR_COMO_SE_HA_DE_AMAR.txt,Artelope
Amar sin saber a quién,1620-1622,1615-1629,Parte XXII,1635,Comedia,Urbano,AMAR_SIN_SABER_A_QUIEN.txt,Artelope
"Amar, servir y esperar",1618-1623,1620-1634,Parte XXII,1635,Comedia,Urbano,AMAR_SERVIR_Y_ESPERAR.txt,Artelope
"Amigo hasta la muerte, El",1610-1612,1600-1614,Parte XI,1618,Drama,Historial profano,AMIGO_HASTA_LA_MUERTE_EL.txt,Artelope
"Amigo por fuerza, El",1599,1587-1604,Parte IV,1614,Comedia,Palatino,AMIGO_POR_FUERZA_EL.txt,Artelope
"Amistad pagada, La",1599-1603,1587-1604,Parte I,1604,Drama,Historial profano,AMISTAD_PAGADA_LA.txt,Artelope
Amistad y obligación,1622-1623,1615-1629,Colección de diferentes autores. Parte XXII,1630,Comedia,Palatino,AMISTADO_Y_OBLIGACION_LA.txt,Artelope
Amor con vista,1626,1620-1634,Manuscrito,Sin fecha,Comedia,Urbano,AMOR_CON_VISTA.txt,Artelope
"Amor desatinado, El",1597,1587-1604,Manuscrito,Sin fecha,Drama,Palatino,AMOR_DESATINADO_EL.txt,Artelope
"Amor enamorado, El",1632-1635,1620-1634,La Vega del Parnaso,1637,Drama,Mitológico,LOPE_AMORENAMORADO.txt,Artelope
Amor secreto hasta celos,1614,1612-1615,Parte XIX,1624,Comedia,Palatino,AMOR_SECRETO_HASTA_CELOS.txt,Artelope
"Amor, pleito y desafío",1621,1615-1629,Parte XXII,1635,Comedia,Palatino,AMOR_PLEITO_Y_DESAFIO.txt,Artelope
"Amores de Albanio y Ismenia, Los",1590-1595,1587-1604,Manuscrito,Sin fecha,Comedia,Pastoril,AMORES_ALBANIO_Y_ISMENIA_LOS.txt,Artelope
Angélica en el Catay,1599,1587-1604,Parte VIII,1617,Drama,Caballeresco,ANGELICA_EN_EL_CATAY.txt,Artelope
"Animal de Hungría, El",1611-1612,1605-1619,Parte IX,1617,Drama,Palatino,ANIMAL_DE_HUNGRIA_EL.txt,Artelope
Antonio Roca o la muerte más venturosa,Sin fecha,1587-1604,Manuscrito,Sin fecha,Drama,Historial profano,ANTONIO_ROCA.txt,Artelope
"Anzuelo de Fenisa, El",1604-1606,1600-1614,Parte VIII,1617,Comedia,Picaresco,ANZUELO_FENISA_EL.txt,Artelope
"Arauco domado, El",1599,1595-1609,Parte XX,1625,Drama,Historial profano,ARAUCO_DOMADO_EL.txt,Artelope
"Arcadia, La",1615,1615-1619,Parte XIII,1620,Comedia,Pastoril,ARCADIA_LA.txt,Artelope
"Arenal de Sevilla, El",1603,1595-1619,Parte XI,1618,Comedia,Urbano,ARENAL_DE_SEVILLA_EL.txt,Artelope
"Argel fingido y renegado de amor, El",1599,1587-1604,Parte VIII,1617,Comedia,Urbano,ARGEL_FINGIDO_EL.txt,Artelope
Arminda celosa,1613-1615,1587-1614,Manuscrito,Sin fecha,Comedia,Palatino,ARMINDA_CELOSA.txt,Artelope
"Asalto de Mastrique, por el Príncipe de Parma, El",1604,1595-1609,Parte IV,1614,Drama,Historial profano,ASALTO_DE_MASTRIQUE_EL.txt,Artelope
"Ausente en el lugar, El",1606,1600-1614,Parte IX,1617,Comedia,Urbano,AUSENTE_EN_EL_LUGAR_EL.tx,Artelope
"Ay, verdades, que en amor…!",1625,1615-1629,Parte XXI,1635,Comedia,Urbano,AY_VERDADES_QUE_EN_AMOR.txt,ETSO
"Bandos de Sena, Los",1597-1603,1595-1609,Parte XXI,1635,Comedia,Urbano,BANDOS_DE_SENA_LOS.txt,Artelope
Barláan y Josafat (Autógrafo),1611,1605-1619,Manuscrito,Sin fecha,Drama,Historial religioso,BARLAAN_Y_JOASAFAT_AUTOGRAFO.txt,Artelope
Barláan y Josafat (Parte Veinticuatro),Sin fecha,Sin fecha,Parte XXIV,1641,Drama,Historial religioso,BARLAAN_Y_JOASAFAT_PARTE_VEINTICUATRO.txt,Artelope
"Bastardo Mudarra, El",1612,1600-1614,Parte XXIV,1641,Drama,Historial profano,BASTARDO_MUDARRA_EL.txt,Artelope
"Batalla del honor, La",1608,1600-1614,Parte VI,1615,Drama,Palatino,BATALLA_DEL_HONOR.txt,Artelope
"Batuecas del duque de Alba, Las",1598-1600,1595-1609,Parte XXIII,1638,Drama,Historial profano,BATUECAS_DEL_DUQUE_DE_ALBA_LAS.txt,Artelope
"Bautismo del Príncipe de Marruecos, El",1593-1603,1595-1609,Parte XI,1618,Drama,Historial profano,BAUTISMO_DEL_PRINCIPE_DE_MARRUECOS_EL.txt,Prolope
Belardo el furioso,1594,1587-1604,Manuscrito,Sin fecha,Comedia,Pastoril,BELARDO_EL_FURIOSO.txt,Artelope
"Bella Aurora, La",1620-1625,1615-1629,Parte XXI,1635,Drama,Mitológico,BELLA_AURORA_LA.txt,Artelope
"Bella malmaridada o la cortesana, La",1595-1596,1587-1604,Parte II,1609,Comedia,Urbano,BELLA_MAL_MARIDADA_LA.txt,Artelope
"Benavides, Los",1600,1587-1604,Parte II,1609,Drama,Historial profano,BENAVIDES_LOS.txt,Artelope
"Bizarrías de Belisa, Las",1634,1620-1634,La Vega del Parnaso,1637,Comedia,Urbano,BIZARRIAS_DE_BELISA_LAS.txt,Artelope
"Blasón de los Chaves de Villalba, El",1599,1595-1609,Parte X,1618,Drama,Historial profano,BLASON_DE_LOS_CHAVES_DE_VILLALBA_EL.txt,Artelope
"Boba para los otros y discreta para sí, La",1630,1620-1634,Parte XXI,1635,Comedia,Palatino,BOBA_PARA_LOS_OTROS_Y_DISCRETA_PARA_SI.txt,Artelope
"Bobo del colegio, El",1606,1605-1619,Parte XIV,1620,Comedia,Urbano,BOBO_DEL_COLEGIO_EL.txt,Artelope
"Boda entre dos maridos, La",1598-1601,1595-1609,Parte IV,1614,Comedia,Urbano,BODA_ENTRE_DOS_MARIDOS_LA.txt,Artelope
"Brasil restituido, El",1625,1605-1619,Manuscrito,Sin fecha,Drama,Historial profano,BRASIL_RESTITUIDO_EL.txt,Artelope
"Buena guarda, La",1610,1605-1619,Parte XV,1621,Drama,Historial religioso,BUENA_GUARDA_LA.txt,Artelope
"Burgalesa de Lerma, La",1613,1610-1624,Parte X,1618,Comedia,Urbano,BURGALESA_DE_LERMA_LA.txt,Artelope
"Burlas de amor, Las",1587-1595,1587-1604,Manuscrito,Sin fecha,Comedia,Palatino,BURLAS_DEL_AMOR_LAS.txt,Artelope
"Burlas veras, Las",1623-1626,1620-1626,Suelta,Sin fecha,Comedia,Palatino,BURLAS_VERAS_LAS.txt,Artelope
"Caballero de Illescas, El",1602,1595-1609,Parte XIV,1620,Comedia,Picaresco,CABALLERO_DE_ILLESCAS_EL.txt,Artelope
"Caballero de Olmedo, El",1620-1625,1620-1634,Parte XXIV,1641,Drama,Historial profano,CABALLERO_DE_OLMEDO_EL.txt,Artelope
"Caballero del milagro, El",1593,1587-1604,Parte XV,1621,Comedia,Picaresco,CABALLERO_DEL_MILAGRO_EL.txt,Artelope
"Caballero del sacramento, El",1610,1605-1619,Parte XV,1621,Drama,Historial religioso,CABALLERO_DEL_SACRAMENTO.txt,Artelope
"Campana de Aragón, La",1598-1600,1595-1609,Parte XVIII,1623,Drama,Historial profano,CAMPANA_DE_ARAGON_LA.txt,Artelope
"Capellán de la Virgen, El",1615,1605-1619,Parte XVIII,1623,Drama,Historial religioso,CAPELLAN_DE_LA_VIRGEN_EL.txt,Artelope
"Carbonera, La",1623-1626,1615-1629,Parte XXII,1635,Drama,Historial profano,CARBONERA_LA.txt,Artelope
"Cardenal de Belén y Vida de san Jerónimo, El",1610,1605-1619,Parte XIII,1620,Drama,Historial religioso,CARDENAL_DE_BELEN_Y_VIDA_DE_SAN_JERONIMO_EL.txt,Artelope
Carlos Quinto en Francia,1604,1595-1619,Parte XIX,1624,Drama,Historial profano,CARLOS_QUINTO_EN_FRANCIA.txt,Artelope
"Casamiento en la muerte, El",1595,1587-1604,Parte I,1604,Drama,Historial profano,CASAMIENTO_EN_LA_MUERTE_EL.txt,Artelope
Castelvines y Monteses,1606-1612,1600-1614,Parte XXV,1647,Comedia,Novelesco,CASTELVINES_Y_MONTESES.txt,Artelope
"Castigo del discreto, El",1598-1601,1600-1614,Parte VII,1617,Comedia,Urbano,CASTIGO_DEL_DISCRETO_EL.txt,Artelope
"Castigo sin venganza, El",1631,1620-1634,Parte XXI,1635,Drama,Palatino,CASTIGO_SIN_VENGANZA_EL.txt,Artelope
"Cautivos de Argel, Los",1599,1595-1609,Parte XXV,1647,Drama,Historial profano,CAUTIVOS_DE_ARGEL_LOS.txt,Artelope
"Celos de Rodamonte, Los",a. 1596,1587-1604,Doce comedias de varios autores,1638,Drama,Caballeresco,CELOS_DE_RODAMONTE_LOS.txt,Artelope
"Cerco de Santa Fe e ilustre hazaña de Garcilaso de la Vega, El",1596-1598,1595-1599,Parte I,1604,Drama,Historial profano,CERCO_DE_SANTA_FE_E_ILUSTRE_HAZANA_DE_GARCILASO_DE_LA_VEGA_EL.txt,Artelope
"Cerco de Tremecén, El",1595-1603,1587-1604,Doce comedias de varios autores,1638,Drama,Historial profano,CERCO_DE_TREMECEN_EL.txt,Artelope
"Comendadores de Córdoba, Los",1596-1598,1587-1604,Parte II,1609,Drama,Historial profano,COMENDADORES_DE_CORDOBA_LOS.txt,Artelope
Con su pan se lo coma,1613-1614,1605-1619,Parte XVII,1621,Comedia,Villano,CON_SU_PAN_SE_LO_COMA.txt,Artelope
"Conde Fernán González, El",1610-1612,1595-1609,Parte XIX,1624,Drama,Historial profano,CONDE_FERNAN_GONZALEZ_EL.txt,Artelope
"Conquista de México, La",Sin fecha,1598-1612,Comedias nuevas y escogidas de los mejores ingenios de España. Parte XXX,1668,Drama,Historial profano,CONQUISTA_DE_MEXICO_LA.txt,ETSO
"Contienda de García de Paredes y el capitán Juan de Urbina, La",1600,1595-1609,Manuscrito,Sin fecha,Drama,Historial profano,CONTIENDA_DE_GARCIA_DE_PAREDES_Y_EL_CAPITAN_JUAN_DE_URBINA_LA.txt,Artelope
Contra valor no hay desdicha,1625-1630,1620-1634,Parte XXIII,1638,Drama,Historial profano,CONTRA_VALOR_NO_HAY_DESDICHA.txt,Artelope
"Corona de Hungría y la injusta venganza, La",1623,1615-1629,Manuscrito,Sin fecha,Drama,Palatino,CORONA_DE_HUNGRIA_Y_LA_INJUSTA_VENGANZA.txt,Artelope
"Corona merecida, La",1603,1600-1614,Parte XIV,1620,Drama,Historial profano,CORONA_MERECIDA_LA.txt,Artelope
"Cortesía de España, La",1608-1612,1605-1619,Parte XII,1619,Comedia,Novelesco,CORTESIA_DE_ESPAÑA_LA.txt,Artelope
"Cuentas del gran capitán, Las",1614-1619,1505-1619,Parte XXIII,1638,Drama,Historial profano,CUENTAS_DEL_GRAN_CAPITAN_LAS.txt,Artelope
"Cuerdo en su casa, El",1606-1608,1605-1619,Parte VI,1615,Comedia,Urbano,CUERDO_EN_SU_CASA_EL.txt,Artelope
"Cuerdo loco, El",1602,1595-1609,Parte XIV,1620,Comedia,Palatino,CUERDO_LOCO_EL.txt,Artelope
"Dama boba, La",1613,1610-1624,Parte IX,1617,Comedia,Urbano,DAMA_BOBA_LA.txt,Artelope
De cosario a cosario,1617-1619,1615-1634,Parte XIX,1624,Comedia,Urbano,DE_COSARIO_A_COSARIO.txt,Artelope
De cuándo acá nos vino,1613-1614,1612-1614,Colección de diferentes autores. Parte XXIV,1633,Comedia,Urbano,DE_CUANDO_ACA_NOS_VINO.txt,Artelope
Del mal lo menos,1608,1605-1619,Parte IX,1617,Comedia,Palatino,DEL_MAL_LO_MENOS.txt,Artelope
Del monte sale quien el monte quema,1627,1625-1629,Manuscrito,Sin fecha,Drama,Palatino,DEL_MONTE_SALE_QUIEN_EL_MONTE_QUEMA.txt,Artelope
"Desconfiado, El",1615-1616,1605-1619,Parte XIII,1620,Comedia,Urbano,DESCONFIADO_EL.txt,Artelope
"Desdén vengado, El",1617,1615-1629,Colección de comedias escogidas. Parte XVI,1662,Comedia,Palatino,DESDEN_VENGADO_EL.txt,Artelope
"Despertar a quien duerme, El",1610-1612,1600-1614,Parte VIII,1617,Drama,Palatino,DESPERTAR_A_QUIEN_DUERME_EL.txt,Artelope
"Desposorio encubierto, El",1597-1603,1595-1609,Parte XIII,1620,Comedia,Urbano,DESPOSORIO_ENCUBIERTO_EL.txt,Artelope
"Desprecio agradecido, El",1633,1620-1634,La Vega del Parnaso,1637,Comedia,Urbano,DESPRECIO_AGRADECIDO_EL.txt,Artelope
"Devoción del Rosario, La",1604-1606,1595-1609,Manuscrito,Sin fecha,Drama,Historial religioso,DEVOCION_DEL_ROSARIO_LA.txt,Artelope
"Difunta pleiteada, La",1593-1595,1587-1604,"Comedias Escogidas, Parte XX",1663,Comedia,Urbano,DIFUNTA_PLEITADA_LA.txt,Artelope
Dios hace reyes,1621,1610-1624,Parte XXIII,1638,Comedia,Palatino,DIOS_HACE_REYES.txt,Artelope
"Discordia en los casados, La",1611,1605-1619,Manuscrito,Sin fecha,Drama,Palatino,DISCORDIA_EN_LOS_CASADOS_LA.txt,Artelope
"Discreta enamorada, La",1606,1600-1614,"Comedias Escogidas, Parte III",1653,Comedia,Urbano,DISCRETA_ENAMORADA_LA.txt,Artelope
"Discreta venganza, La",1620,1620-1634,Parte XX,1625,Drama,Historial profano,DISCRETA_VENGANZA_LA.txt,Artelope
"Divina vencedora y famosos hechos de Meledín Gallinato y toma de Morón, La",1599-1603,1587-1604,Manuscrito,Sin fecha,Drama,Historial profano,DIVINA_VENCEDORA_Y_FAMOSOS_HECHOS_DEL_MEDELLIN_GALLARDO_Y_TOMA_DE_MORON_LA.txt,Artelope
"Divino africano, El",1610,1605-1619,Parte XVIII,1623,Drama,Historial religioso,DIIVINO_AFRICANO_EL.txt,Artelope
Dómine Lucas,1591-1595,1587-1604,Parte XVII,1621,Comedia,Urbano,DOMINE_LUCAS.txt,Artelope
Don Diego de noche,Sin fecha,1605-1615,"Teatro poético en doce comedias nuevas, de los mejores ingenios de España. Parte VII",1654,Comedia,Urbano,DON_DIEGO_DE_NOCHE.txt,ETSO
"Don Juan de Castro, primera parte",1604-1608,1600-1614,Parte XIX,1624,Drama,Historial profano,DON_JUAN_DE_CASTRO_PRIMERA_PARTE.txt,Artelope
"Don Juan de Castro, segunda parte",1608,1595-1609,Parte XIX,1624,Drama,Historial profano,DON_JUAN_DE_CASTRO_SEGUNDA_PARTE.txt,Artelope
Don Lope de Cardona,1611,1600-1614,Parte X,1618,Drama,Historial profano,DON_LOPE_DE_CARDONA.txt,Artelope
"Donaires de Matico, Los",1589,1587-1604,Parte I,1604,Comedia,Palatino,DONAIRES_DE_MATICO_LOS.txt,Artelope
"Doncella Teodor, La",1608-1610,1605-1619,Parte IX,1617,Comedia,Novelesco,DONCELLA_TEODOR_LA.txt,Artelope
"Duque de Viseo, El",1608-1609,1605-1619,Parte VI,1615,Drama,Historial profano,DUQUE_DE_VISEO_EL.txt,Artelope
"Ejemplo de casadas y prueba de la paciencia, El",1599-1603,1605-1624,Parte V,1615,Drama,Palatino,EJEMPLO_DE_CASADAS_Y_PRUEBA_DE_LA_PACIENCIA_EL.txt,Artelope
Ello dirá,1613-1615,1610-1624,Parte XII,1619,Drama,Palatino,ELLO_DIRA.txt,Artelope
"Embustes de Celauro, Los",1600,1587-1604,Parte IV,1614,Comedia,Urbano,EMBUSTES_DE_CELAURO_LOS.txt,Artelope
"Embustes de Fabia, Los",1588-1595,1587-1604,Parte XXV,1647,Drama,Historial profano,EMBUSTES_DE_FABIA_LOS.txt,Artelope
"Enemigo engañado, El",1593-1598,1587-1604,Colección de diferentes autores. Parte XXXII,1640,Comedia,Urbano,ENEMIGO_ENGANADO_EL.txt,Artelope
"Enemigos en casa, Los",1612-1613,1600-1614,Parte XII,1619,Drama,Historial profano,ENEMIGOS_EN_CASA_LOS.txt,Artelope
"Envidia de la nobleza, La",1613-1615,1605-1619,Parte XXIII,1638,Drama,Historial profano,ENVIDIA_DE_LA_NOBLEZA_LA.txt,Artelope
"Esclava de su galán, La",1626,1615-1629,Parte XXV,1647,Comedia,Urbano,ESCLAVA_DE_SU_GALAN_LA.txt,Artelope
"Esclava de su hijo, La",Sin fecha,1616-1618,Manuscrito,Sin fecha,Comedia,Novelesco,ESCLAVA_DE_SU_HIJO_LA.txt,ESTO
"Esclavo de Roma, El",1596-1603,1587-1604,Parte VIII,1617,Drama,Historial profano,ESCLAVO_DE_ROMA_EL.txt,Artelope
"Esclavos libres, Los",1599,1595-1609,Parte XIII,1620,Comedia,Novelesco,ESCLAVOS_LIBRES_LOS.txt,Artelope
"Escolástica celosa, La",1598,1587-1604,Parte I,1604,Comedia,Urbano,ESCOLASTICA_CELOSA_LA.txt,Artelope
"Españoles en Flandes, Los",1597-1606,1595-1609,Parte XIII,1620,Drama,Historial profano,ESPANOLES_EN_FLANDES_LOS.txt,Artelope
"Estefanía, la desdichada",1604,1595-1609,Parte XII,1619,Drama,Historial profano,ESTEFANIA_LA_DESDICHADA.txt,Artelope
"Fábula de Perseo, La",1611,1610-1624,Parte IX,1617,Drama,Mitológico,FABULA_DE_PERSEO_LA.txt,Artelope
"Famosas asturianas, Las",1612,1605-1619,Parte XVIII,1623,Drama,Historial profano,FAMOSAS_ASTURIANAS_LAS.txt,Artelope
"Favor agradecido, El",1593,1587-1604,Parte XV,1621,Comedia,Palatino,FAVOR_AGRADECIDO_EL.txt,Artelope
"Fe rompida, La",1599,1587-1604,Parte IV,1614,Comedia,Palatino,FE_ROMPIDA_LA.txt,Artelope
"Felisarda, La",1620,1615-1629,Parte XVI,1621,Comedia,Palatino,FELISARDA_LA.txt,Artelope
"Ferias de Madrid, Las",1585-1588,1587-1604,Parte II,1609,Comedia,Urbano,FERIAS_DE_MADRID_LAS.txt,Artelope
"Firmeza en la desdicha, La",1610-1612,1605-1619,Parte XII,1619,Drama,Palatino,FIRMEZA_EN_LA_DESDICHA_LA.txt,Artelope
"Flores de don Juan y rico y pobre trocados, Las",1612-1615,1605-1619,Parte XII,1619,Comedia,Palatino,FLORES_DE_DON_JUAN_Y_RICO_Y_POBRE_TROCADOS_LAS.txt,Artelope
"Fortuna merecida, La",1604-1610,1605-1619,Parte XI,1618,Drama,Historial profano,FORTUNA_MERECIDA_LA.txt,Artelope
"Francesa Laura, La",1630-1635,1620-1634,Manuscrito,Sin fecha,Comedia,Palatino,FRANCESA_LAURA_LA.txt,ETSO
"Francesilla, La",1596,1587-1604,Parte XIII,1620,Comedia,Urbano,FRANCESILLA_LA.txt,Artelope
Fuente Ovejuna,1612-1614,1600-1614,Parte XII,1619,Drama,Historial profano,FUENTEOVEJUNA.txt,Artelope
"Fuerza lastimosa, La",1600-1604,1595-1609,Parte II,1609,Drama,Palatino,FUERZA_LASTIMOSA_LA.txt,Artelope
Gala del nadar es saber guardar la ropa,1627,1620-1634,Comedias nuevas escritas por los mejores ingenios de España. Parte XXXVIII,1672,Comedia,Urbano,GALA_DEL_NADAR_ES_SABER_GUARDAR_LA_ROPA.txt,ETSO
"Galán Castrucho, El",1593,1587-1604,Parte IV,1614,Comedia,Picaresco,GALAN_CASTRUCHO_EL.txt,Artelope
"Galán de la Membrilla, El",1615,1605-1619,Parte X,1618,Comedia,Villano,GALAN_DE_LA_MEMBRILLA_EL.txt,Artelope
"Galán escarmentado, El",1595-1598,1587-1604,Manuscrito,Sin fecha,Comedia,Urbano,GALAN_ESCARMENTADO_EL.txt,Artelope
"Gallarda toledana, La",1603,1600-1614,Parte XIV,1620,Comedia,Urbano,GALLLARDA_TOLEDANA_LA.txt,Artelope
"Gallardo  catalán, El",1600,1595-1609,Parte II,1609,Comedia,Palatino,GALLARDO_CATALAN_EL.txt,Artelope
"Ganso de oro, El",1588-1595,1587-1604,Manuscrito,Sin fecha,Comedia,Pastoril,GANSO_DE_ORO_EL.txt,Artelope
"Genovés liberal, El",1599-1603,1600-1614,Parte IV,1614,Drama,Historial profano,GENOVES_LIBERAL_EL.txt,Artelope
"Gran columna fogosa, La",Sin fecha,1587-1604,Manuscrito,Sin fecha,Comedia,Urbano,GRAN_COLUMNA_FOGOSA_LA.txt,ETSO
"Gran duque de Moscovia y emperador perseguido, El",1606,1595-1609,Parte VII,1617,Drama,Historial profano,GRAN_DUQUE_DE_MOSCOVIA_Y_EMPERADOR_PERSEGUIDO_EL.txt,Artelope
"Grandezas de Alejandro, Las",1604-1608,1605-1619,Parte XVI,1621,Drama,Historial profano,GRANDEZAS_DE_ALEJANDRO_LAS.txt,Artelope
"Grao de Valencia, El",1589-1590,1587-1604,Manuscrito,Sin fecha,Comedia,Urbano,GRAO_DE_VALENCIA_EL.txt,Artelope
"Gravedad en Villaverde, La",1623-1624,1613-1625,Comedias escogidas de los mejores ingenios de España. Parte IX,1657,Comedia,Urbano,GRAVEDAD_EN_VILLAVERDE_LA.txt,ETSO
"Guanches de Tenerife y conquista de Canaria, Los",1604-1606,1595-1609,Parte X,1618,Drama,Historial profano,GUANCHES_DE_TENERIFE_Y_CONQUISTA_DE_CANARIA_LOS.txt,Artelope
"Guante de doña Blanca, El",1630-1635,1620-1634,La Vega del Parnaso,1637,Drama,Historial profano,GUANTE_DE_DONA_BLANCA_EL.txt,Artelope
Guardar y guardarse,1620-1625,1620-1634,Parte XXIV,1641,Comedia,Palatino,GUARDAR_Y_GUARDARSE.txt,Artelope
Guerras de amor y de honor,1615-1616,1610-1624,Parte XXV,1631,Drama,Historial profano,GUERRAS_DE_AMOR_Y_DE_HONOR.txt,Artelope
"Halcón de Federico, El",1601-1605,1600-1614,Parte XIII,1620,Comedia,Novelesco,HALCON_DE_FEDERICO_EL.txt,Artelope
"Hamete de Toledo, El",1608-1610,1595-1609,Parte IX,1617,Drama,Historial profano,HAMETE_DE_TOLEDO_EL.txt,Artelope
"Hermosa Alfreda, La",1598-1600,1587-1604,Parte IX,1617,Drama,Palatino,HERMOSA_ALFREDA_LA.txt,Artelope
"Hermosa Ester, La",1610,1605-1619,Parte XV,1621,Drama,Historial religioso,HERMOSA_ESTER_LA.txt,Artelope
"Hermosa fea, La",1630-1632,1620-1634,Parte XXIV,1641,Comedia,Palatino,HERMOSA_FEA_LA.txt,Artelope
"Hermosura aborrecida, La",1604-1610,1605-1619,Parte VII,1617,Drama,Historial profano,HERMOSURA_ABORRECIDA_LA.txt,Artelope
"Hidalgo Bencerraje, El",1605-1606,1595-1609,Parte XVII,1621,Drama,Historial profano,HIDALGO_BENCERRAJE_EL.txt,Artelope
"Hidalgos del aldea, Los",1608-1611,1605-1619,Parte XII,1619,Comedia,Villano,HIDALGOS_DEL_ALDEA_LOS.txt,Artelope
"Hijo de los leones, El",1620-1622,1615-1629,Parte XIX,1624,Comedia,Palatino,HIJO_DE_LOS_LEONES_EL.txt,Artelope
"Hijo de Reduán, El",1588-1595,1587-1604,Parte I,1604,Drama,Historial profano,HIJO_DE_REDUAN_EL.txt,Prolope
"Hijo sin padre, El",1613-1618,1610-1624,Colección de diferentes autores. Parte XXIII,1629,Drama,Palatino,HIJO_SIN_PADRE_EL.txt,Artelope
"Hijo venturoso, El",1588-1595,1587-1604,Manuscrito,Sin fecha,Comedia,Novelesco,HIJO_VENTUROSO_EL.txt,Artelope
"Historia de Tobías, La",1609,1605-1619,Parte XV,1621,Drama,Historial religioso,HISTORIA_DE_TOBIAS_LA.txt,Artelope
"Hombre de bien, El",1606,1600-1614,Parte VI,1615,Comedia,Palatino,HOMBRE_DE_BIEN_EL.txt,Artelope
"Hombre por su palabra, El",1614-1615,1610-1624,Parte XX,1625,Comedia,Palatino,HOMBRE_POR_SU_PALABRA_EL.txt,Artelope
"Honrado hermano, El",1598-1600,1587-1604,Parte XVIII,1623,Drama,Historial profano,HONRADO_HERMANO_EL.txt,Artelope
"Imperial de Otón, La",1598,1587-1604,Parte VIII,1617,Drama,Historial profano,IMPERIAL_OTON_LA.txt,Artelope
"Infanta desesperada, La",1588-1595,1587-1604,Manuscrito,Sin fecha,Comedia,Palatino,INFANTA_DESESPERADA_LA.txt,Artelope
"Ingratitud vengada, La",1585-1595,1587-1604,Parte XIV,1620,Comedia,Picaresco,INGRATITUD_VENGADA_LA.txt,Artelope
"Ingrato arrepentido, El",1600,1587-1604,Parte XV,1621,Comedia,Urbano,INGRATO_ARREPENTIDO_EL.txt,Artelope
"Inocente Laura, La",1604-1608,1605-1619,Parte XVI,1621,Comedia,Palatino,INOCENTE_LAURA_LA.txt,Artelope
"Inocente sangre, La",1604-1608,1600-1614,Parte XIX,1624,Drama,Historial profano,INOCENTE_SANGRE_LA.txt,Artelope
Jorge toledano,1595-1597,1587-1604,Parte XVII,1621,Comedia,Novelesco,JORGE_TOLEDANO.txt,Artelope
Juan de Dios y Antón Martín,1611-1612,1600-1614,Parte X,1618,Drama,Historial profano,JUAN_DE_DIOS_Y_ANTON_MARTIN.txt,Artelope
"Juez en su causa, El",1610,1610-1614,Parte XXV,1647,Drama,Palatino,JUEZ_EN_SU_CAUSA_EL.txt,Artelope
"Justas de Tebas y reina de las Amazonas, Las",1596,1587-1604,Manuscrito,Sin fecha,Drama,Mitológico,JUSTAS_DE_TEBAS_Y_REINA_DE_LAS_AMAZONAS_LAS.txt,Artelope
"Juventud de San Isidro, La",1622,1605-1619,Relación de las fiestas de San Isidro,1622,Drama,Historial religioso,JUVENTUD_DE_SAN_ISIDRO_LA.txt,Artelope
"Laberinto de Creta, El",1612-1615,1610-1624,Parte XVI,1621,Drama,Mitológico,LABERINTO_DE_CRETA_EL.txt,Artelope
"Labrador venturoso, El",1620-1622,1615-1629,Parte XXII,1635,Comedia,Villano,LABRADOR_VENTUROSO_EL.txt,Artelope
Laura perseguida,1594,1587-1604,Parte IV,1614,Drama,Palatino,LAURA_PERSEGUIDA.txt,Artelope
"Leal criado, El",1594,1587-1604,Parte XV,1621,Comedia,Novelesco,LEAL_CRIADO_EL.txt,Artelope
"Ley ejecutada, La",1626-1630,1620-1634,Colección de diferentes autores. Parte XXIV,1633,Comedia,Palatino,LEY_EJECUTADA_LA.txt,Artelope
"Limpieza no manchada, La",1618,1605-1619,Parte XIX,1624,Drama,Historial religioso,LIMPIEZA_NO_MANCHADA_SANTA_BRIGIDA_LA.txt,Artelope
"Llave de la honra, La",1614-1619,1620-1634,Colección de comedias escogidas. Parte III,1653,Drama,Palatino,LLAVE_DE_LA_HONRA_LA.txt,Artelope
"Llegar en ocasión, El",1606,1596-1609,Parte VI,1615,Comedia,Palatino,LLEGAR_EN_OCASION_EL.txt,Artelope
Lo cierto por lo dudoso,1620-1624,1615-1629,Parte XX,1625,Comedia,Urbano,LO_CIERTO_POR_LO_DUDOSO.txt,Artelope
Lo fingido verdadero,1608,1605-1619,Parte XVI,1621,Drama,Historial religioso,LO_FINGIDO_VERDADERO.txt,Artelope
Lo que está determinado,1613-1619,1615-1629,Colección de comedias escogidas. Parte III,1653,Comedia,Palatino,LO_QUE_ESTA_DETERMINADO.txt,Artelope
Lo que ha de ser,1624,1615-1629,Parte XXV,1647,Comedia,Palatino,LO_QUE_HA_DE_SER.txt,Artelope
Lo que hay que fiar del mundo,1610,1605-1619,Parte XII,1619,Drama,Historial profano,LO_QUE_HAY_QUE_FIAR_DEL_MUNDO.txt,Artelope
Lo que pasa en una tarde,1617,1610-1624,Manuscrito,Sin fecha,Comedia,Urbano,LO_QUE_PASA_EN_UNA_TARDE.txt,Artelope
"Loco por fuerza, El",1597-1608,1595-1609,Manuscrito,Sin fecha,Comedia,Urbano,LOCO_POR_FUERZA_EL.txt,Artelope
"Locos de Valencia, Los",1590-1595,1587-1604,Parte XIII,1620,Comedia,Urbano,LOCOS_DE_VALENCIA_LOS.txt,Artelope
"Locos por el cielo, Los",1598-1603,1587-1604,Parte VIII,1617,Drama,Historial religioso,LOCOS_POR_EL_CIELO_LOS.txt,Artelope
"Locura por la honra, La",1610-1612,1605-1619,Parte XI,1618,Drama,Palatino,LOCURA_POR_LA_HONRA_LA.txt,Artelope
Lucinda perseguida,1599-1602,1595-1609,Parte XVII,1621,Comedia,Palatino,LUCINDA_PERSEGUIDA.txt,Artelope
"Madre de la mejor, La",1610-1612,1605-1619,Parte XVII,1621,Drama,Historial religioso,MADRE_DE_LA_MEJOR_LA.txt,Artelope
"Maestro de danzar, El",1594,1587-1604,Colección de comedias escogidas. Parte III,1653,Comedia,Urbano,MAESTRO_DE_DANZAR_EL.txt,Artelope
"Malcasada, La",1610-1615,1605-1619,Parte XV,1621,Comedia,Urbano,MALCASADA_LA.txt,Artelope
"Marido más firme, El",1617-1621,1615-1629,Parte XX,1625,Drama,Mitológico,MARIDO_MAS_FIRME_EL.txt,Artelope
"Mármol de Felisardo, El",1594-1598,1595-1619,Parte VI,1615,Comedia,Novelesco,MARMOL_DE_FELISARDO_EL.txt,Artelope
"Marqués de las Navas, El",1624,1610-1624,Colección de diferentes autores. Parte XXII,1630,Drama,Historial profano,MARQUES_DE_LAS_NAVAS_EL.txt,Artelope
"Marqués de Mantua, El",1596,1587-1604,Parte XII,1619,Drama,Caballeresco,MARQUES_DE_MANTUA_EL.txt,Artelope
"Más galán portugués, Duque de Berganza, El",1610-1612,1600-1614,Parte VIII,1617,Drama,Historial profano,MAS_GALAN_PORTUGUES_DUQUE_DE_BERGANZA_EL.txt,Artelope
Más pueden celos que amor,1627,1620-1634,Colección de comedias escogidas. Parte III,1653,Comedia,Palatino,MAS_PUEDEN_CELOS_QUE_AMOR.txt,Artelope
Más vale salto de mata que ruego de buenos,Sin fecha,1595-1609,Suelta,Sin fecha,Comedia,Villano,MAS_VALE_SALTO_DE_MATA_QUE_RUEGO_DE_BUENOS.txt,ETSO
"Más valéis vos, Antona, que la corte toda",Sin fecha,1620-1634,Manuscrito,Sin fecha,Comedia,Urbano,MAS_VALEIS_VOS_ANTONA_QUE_LA_CORTE_TODA.txt,ETSO
"Mayor imposible, El",1615,1610-1624,Parte XXV,1647,Comedia,Palatino,MAYOR_IMPOSIBLE_EL.txt,Artelope
"Mayor victoria, La",1620-1622,1615-1629,Parte XXII,1635,Drama,Palatino,MAYOR_VICTORIA_LA.txt,Artelope
"Mayor virtud de un rey, La",1625-1635,1620-1634,La Vega del Parnaso,1637,Drama,Historial profano,MAYOR_VIRTUD_DE_UN_REY_LA.txt,Artelope
"Mayorazgo dudoso, El",1598-1603,1587-1604,Parte II,1609,Comedia,Palatino,MAYORAZGO_DUDOSO_EL.txt,Artelope
"Mayordomo de la duquesa de Amalfi, El",1604-1606,1600-1614,Parte XI,1618,Drama,Palatino,MAYORDOMO_DE_LA_DUQUESA_DE_AMALFI_EL.txt,Artelope
"Mejor alcalde, el rey, El",1620-1623,1615-1624,Parte XXI,1635,Drama,Historial profano,MEJOR_ALCALDE_EL_REY_EL.txt,Artelope
"Mejor maestro, el tiempo, El",1608-1614,1605-1619,Parte VI,1615,Comedia,Palatino,MEJOR_MAESTRO_EL_TIEMPO_EL.txt,Artelope
"Mejor mozo de España, El",1610-1611,1605-1619,Parte XX,1625,Drama,Historial profano,MEJOR_MOZO_DE_ESPANA_EL.txt,ETSO
"Melindres de Belisa, Los",1608,1600-1614,Parte IX,1617,Comedia,Urbano,MELINDRES_DE_BELISA_LOS.txt,Artelope
"Mesón de la corte, El",1585-1595,1587-1604,Manuscrito,Sin fecha,Comedia,Urbano,MESON_DE_LA_CORTE_EL.txt,Artelope
Mirad a quién alabáis,1620,1615-1629,Parte XVI,1621,Comedia,Palatino,MIRAD_A_QUIEN_ALABAIS.txt,Artelope
"Mocedad de Roldán, La",1599-1603,1595-1609,Parte XIX,1624,Drama,Caballeresco,MOCEDAD_DE_ROLDAN_LA.txt,Artelope
"Molino, El",1585-1595,1587-1604,Parte I,1604,Comedia,Palatino,MOLINO_EL.txt,Artelope
"Moza de cántaro, La",1625,1620-1634,Doce comedias nuevas de diferentes autores. Parte LVII,1646,Comedia,Urbano,MOZA_DE_CANTARO_LA.txt,Artelope
"Mudanzas de fortuna y los sucesos de don Beltrán de Aragón, Las",1607-1608,1600-1614,Parte III,1612,Drama,Historial profano,MUDANZAS_DE_FORTUNA_Y_LOS_SUCESOS_DE_DON_BELTRAN_DE_ARAGON_LAS.txt,Artelope
"Muertos vivos, Los",1599-1602,1587-1604,Parte XVII,1621,Comedia,Palatino,MUERTOS_VIVOS_LOS.txt,Artelope
"Mujer por fuerza, La",1613-1622,1613-1625,Segunda parte de las comedias del Maestro Tirso de Molina,1635,Comedia,Urbano,MUJER_POR_FUERZA_LA.txt,ETSO
"Mujeres sin hombres, Las",1613-1618,1610-1624,Parte XVI,1621,Drama,Mitológico,MUJERES_SIN_HOMBRES_LAS.txt,Artelope
Mujeres y criados,1613-1614,1605-1619,Manuscrito,Sin fecha,Comedia,Urbano,MUJERES_Y_CRIADOS.txt,ETSO
"Nacimiento de Cristo, El",1613-1615,1605-1619,Parte XXIV,1641,Drama,Historial religioso,NACIMIENTO_DE_CRISTO_EL.txt,Artelope
"Nacimiento de Ursón y Valentín, reyes de Francia, El",1588-1595,1587-1604,Parte I,1604,Comedia,Palatino,NACIMIENTO_DE_URSON_Y_VALENTIN_REYES_DE_FRANCIA_EL.txt,Artelope
"Nacimiento del alba, El",Sin fecha,1605-1619,Manuscrito,Sin fecha,Comedia,Urbano,NACIMIENTO_DEL_ALBA_EL.txt,ETSO
Nadie se conoce,1618,1615-1629,Parte XXII ,1635,Comedia,Palatino,NADIE_SE_CONOCE.txt,Artelope
"Necedad del discreto, La",1613,1610-1624,Parte XXV,1647,Comedia,Palatino,NECEDAD_DEL_DISCRETO_LA.txt,Artelope
"Negro del mejor amo, Antiobo de Cerdeña, El",1599-1603,1595-1609,Manuscrito,Sin fecha,Drama,Historial profano,NEGRO_DEL_MEJOR_AMO_ANTIOBO_DE_CERDEÑA_EL.txt,Artelope
"Niña de Plata, La",1610-1612,1605-1619,Parte IX,1617,Comedia,Urbano,NINA_DE_PLATA_LA.txt,Artelope
"Niñez de San Isidro, La",1622,1605-1624,Relación de las fiestas de San Isidro,1622,Drama,Historial religioso,NINEZ_DE_SAN_ISIDRO_LA.txt,Artelope
"Niñez del Padre Rojas, La",1625,1605-1629,Comedias escogidas de los mejores ingenios de España. Parte XVIII,1662,Drama,Historial religioso,NINEZ_DEL_PADRE_ROJAS_LA.txt,Artelope
"Niño inocente de La Guardia, El",1603,1600-1614,Parte VIII,1617,Drama,Historial religioso,NINO_INOCENTE_DE_LA_GUARDIA_EL.txt,Artelope
No hay duelo entre dos amigos,1627-1630,1620-1630,Suelta,Sin fecha,Comedia,Urbano,NO_HAY_DUELO_ENTRE_DOS_AMIGOS.txt,ETSO
No son todos ruiseñores,1630,1620-1634,Parte XXII,1635,Comedia,Urbano,NO_SON_TODOS_RUISENORES.txt,Artelope
"Noche de San Juan, La",1631,1620-1634,Parte XXI,1635,Comedia,Urbano,NOCHE_DE_SAN_JUAN_LA.txt,Artelope
"Noche toledana, La",1605,1600-1614,Parte III,1612,Comedia,Urbano,NOCHE_TOLEDANA_LA.txt,Artelope
"Nueva victoria de don Gonzalo de Córdoba, Mayor victoria de Alemania, La",1622,1610-1624,La Vega del Parnaso,1637,Drama,Historial profano,NUEVA_VICTORIA_DE_DON_GONZALO_DE_CORDOBA_MAYOR_VICTORIA_DE_ALEMANIA_LA.txt,Artelope
"Nueva victoria del marqués de Santa Cruz, La",1604,1595-1609,Parte XXV,1647,Drama,Historial profano,NUEVA_VICTORIA_DEL_MARQUES_DE_SANTA_CRUZ_LA.txt,Artelope
"Nuevo mundo descubierto por Cristóbal Colón, El",1598-1603,1587-1604,Parte IV,1614,Drama,Historial profano,NUEVO_MUNDO_DESCUBIERTO_POR_CRISTOBAL_COLON_EL.txt,Artelope
Nunca mucho costó poco,Sin fecha,1620-1634,Parte XXII,1635,Comedia,Urbano,NUNCA_MUCHO_COSTO_POCO.txt,ETSO
"Obediencia laureada, y primer Carlos de Hungría, La",1605-1606,1600-1614,Parte VI,1615,Comedia,Palatino,OBEDIENCIA_LAUREADA_Y_PRIMER_CARLOS_DE_HUNGRIA_LA.txt,Artelope
Obras son amores,1613-1618,1610-1624,Parte XI,1618,Comedia,Palatino,OBRAS_SON_AMORES.txt,ETSO
"Ocasión perdida, La",1599-1603,1595-1609,Parte II,1609,Comedia,Palatino,OCASIÓN_PERDIDA_LA.txt,Artelope
"Octava maravilla, La",1609,1605-1619,Parte X,1618,Comedia,Palatino,OCTAVA_MARAVILLA_LA.txt,Artelope
"Paces de los reyes y judía de Toledo, Las",1610-1612,1600-1614,Parte VII,1617,Drama,Historial profano,PACES_DE_LOS_REYES_Y_JUDIA_DE_TOLEDO_LAS.txt,Artelope
"Padrino desposado, El",1598-1600,1587-1604,Parte II,1609,Drama,Historial profano,PADRINO_DESPOSADO_EL.txt,Artelope
"Palabra vengada, La",1628,1597-1635,Manuscrito,Sin fecha,Comedia,Urbano,PALABRA_VENGADA_LA.txt,ETSO
"Palacios de Galiana, Los",1597-1602,1595-1609,Parte XXIII,1638,Drama,Caballeresco,PALACIOS_DE_GALIANA_LOS.txt,Artelope
"Palmerín de Oliva, El (en colaboración)",1629,1629,Colección de diferentes autores. Parte XLIII,1650,Comedia,Caballeresco,PALMERIN_DE_OLIVA.txt,ETSO
"Pastoral de Jacinto, La",1595-1600,1587-1604,Parte XVIII,1623,Comedia,Pastoril,PASTORAL_DE_JACINTO_LA.txt,Artelope
Pedro Carbonero,1603,1595-1609,Parte XIV,1620,Drama,Historial profano,PEDRO_CARBONERO.txt,Artelope
Pedro de Urdemalas,1597-1606,1600-1614,Suelta,Sin fecha,Comedia,Palatino,PEDRO_DE_URDEMALAS.txt,Artelope
"Peligros de la ausencia, Los",1615-1618,1615-1629,Parte XXIV,1641,Comedia,Urbano,PELIGROS_DE_LA_AUSENCIA_LOS.txt,Artelope
Peribañez y el comendador de Ocaña,1605-1608,1605-1619,Parte IV,1614,Drama,Historial profano,PERIBANEZ_Y_EL_COMENDADOR_DE_OCAÑA.txt,Artelope
"Perro del hortelano, El",1613,1610-1624,Parte XI,1618,Comedia,Palatino,PERRO_DEL_HORTELANO_EL.txt,Artelope
"Perseguido, El",1590,1587-1604,Parte I,1604,Drama,Palatino,PERSEGUIDO_EL.txt,Artelope
"Piadoso aragonés, El",1626,1615-1629,Parte XXI,1635,Drama,Historial profano,PIADOSO_ARAGONES_EL.txt,Artelope
"Piadoso veneciano, El",1599-1608,1595-1609,Parte XXIII,1638,Comedia,Novelesco,PIADOSO_VENECIANO_EL.txt,Artelope
"Piedad ejecutada, La",1599-1602,1595-1609,Parte XVIII,1623,Drama,Historial profano,PIEDAD_EJECUTADA_LA.txt,ETSO
"Platero del cielo, san Eloy, El",1611-1616,1603-1615,Comedias nuevas y escogidas de los mejores ingenios de España. Parte XXI,1663,Drama,Historial religioso,PLATERO_DEL_CIELO_EL.txt,ETSO
"Pleitos de Inglaterra, Los",1598-1603,1595-1609,Parte XXIII,1638,Comedia,Palatino,PLEITOS_DE_INGLATERRA_LOS.txt,Artelope
"Pobreza estimada, La",1620-1622,1587-1604,Parte XVIII,1623,Comedia,Urbano,POBREZA_ESTIMADA_LA.txt,Artelope
Pobreza no es vileza,1597-1603,1610-1624,Parte XX,1625,Drama,Historial profano,POBREZA_NO_ES_VILEZA.txt,Artelope
"Pobrezas de Reinaldos, Las",1599,1595-1609,Parte VII,1617,Drama,Caballeresco,POBREZAS_DE_REINALDOS_LAS.txt,Artelope
"Poder en el discreto, El",1623,1615-1629,Manuscrito,Sin fecha,Comedia,Palatino,PODER_EN_EL_DISCRETO_EL.txt,Artelope
"Poder vencido y amor premiado, El",1614,1610-1624,Parte X,1618,Comedia,Palatino,PODER_VENCIDO_Y_AMOR_PREMIADO_EL.txt,Artelope
"Ponces de Barcelona, Los",1610-1612,1605-1619,Parte IX,1617,Drama,Historial profano,PONCES_DE_BARCELONA_LOS.txt,Artelope
"Por la puente, Juana",1624-1625,1615-1629,Parte XXI,1635,Comedia,Urbano,POR_LA_PUENTE_JUANA.txt,Artelope
"Porceles de Murcia, Los",1604-1608,1615-1629,Parte VII,1617,Drama,Historial profano,PORCELES_DE_MURCIA_LOS.txt,Artelope
Porfiando vence amor,1624-1626,1620-1634,La Vega del Parnaso,1637,Comedia,Palatino,PORFIANDO_VENCE_AMOR.txt,ETSO
Porfiar hasta morir,1624-1628,1615-1629,Parte XXIII,1638,Drama,Historial profano,PORFIAR_HASTA_MORIR.txt,Artelope
"Portuguesa y dicha del forastero, La",1615-1616,1615-1634,Colección de comedias escogidas. Parte III,1653,Comedia,Urbano,PORTUGUESA_Y_DICHA_DEL_FORASTERO.txt,ETSO
"Postrer godo de España, el",1599-1600,1587-1604,Parte VIII,1617,Drama,Historial profano,POSTRER_GODO_DE_ESPANA_EL.txt,Artelope
"Prados de León, Los",1604-1606,1605-1619,Parte XVI,1621,Drama,Historial profano,PRADOS_DE_LEON_LOS.txt,Artelope
"Premio de la hermosura, El",1610-1614,1610-1629,Parte XVI,1621,Drama,Caballeresco,PREMIO_DE_LA_HERMOSURA_EL.txt,Artelope
"Premio del bien hablar, El",1624-1625,1615-1629,Parte XXI,1636,Comedia,Urbano,PREMIO_DEL_BIEN_HABLAR_EL.txt,Artelope
"Primer Fajardo, El",1610-1612,1587-1614,Parte VII,1617,Drama,Historial profano,PRIMER_FAJARDO_EL.txt,ETSO
"Primer rey de Castilla, El",1598-1603,1587-1604,Parte XVII,1621,Drama,Historial profano,PRIMER_REY_DE_CASTILLA_EL.txt,Artelope
"Primera información, La",1620-1625,1615-1629,Parte XXII,1635,Drama,Historial profano,PRIMERA_INFORMACION_LA.txt,Artelope
"Príncipe despeñado, El",1602,1595-1609,Parte VII,1617,Drama,Historial profano,PRINCIPE_DESPENADO_EL.txt,Artelope
"Príncipe inocente, El",1590,1587-1604,Manuscrito,Sin fecha,Comedia,Palatino,PRINCIPE_INOCENTE_EL.txt,Artelope
"Príncipe perfecto, Primera parte, El",1614,1610-1624,Parte XI,1618,Drama,Historial profano,PRINCIPE_PERFECTO_PRIMERA_PARTE_EL.txt,Artelope
"Príncipe perfecto, Segunda parte, El",1616,1605-1619,Parte XVIII,1623,Drama,Historial profano,PRINCIPE_PERFECTO_SEGUNDA_PARTE_EL.txt,Artelope
"Prisión sin culpa, La",1599-1603,1587-1604,Parte VIII,1617,Comedia,Urbano,PRISION_SIN_CULPA_LA.txt,Artelope
"Prueba de los amigos, La",1604,1595-1609,Manuscrito,Sin fecha,Comedia,Urbano,PRUEBA_DE_LOS_AMIGOS_LA.txt,Artelope
"Prueba de los ingenios, La",1612-1613,1595-1609,Parte XVI,1621,Drama,Mitológico,PRUEBA_DE_LOS_INGENIOS.txt,Artelope
Querer la propia desdicha,1619,1615-1629,Parte XV,1621,Drama,Historial profano,QUERER_LA_PROPIA_DESDICHA.txt,Artelope
Quien ama no haga fieros,1620-1622,1610-1624,Parte XVIII,1623,Comedia,Urbano,QUIEN_AMA_NO_HAGA_FIEROS.txt,Artelope
Quien más no puede,1616,1610-1624,Parte XVII,1621,Drama,Palatino,QUIEN_MAS_NO_PUEDE.txt,ETSO
Quien todo lo quiere,1618-1619,1615-1629,Parte XXII,1635,Comedia,Urbano,QUIEN_TODOQ_LO_QUIERE.txt,Artelope
"Quinta de Florencia, La",1600,1600-1614,Parte II,1609,Drama,Palatino,QUINTA_DE_FLORENCIA_LA.txt,Artelope
"Ramilletes de Madrid, Los",1615,1610-1624,Parte XI,1618,Comedia,Urbano,RAMILLETES_DE_MADRID.txt,Prolope
"Ramírez de Arellano, Los",1604-1608,1595-1609,Parte XXIV,1641,Drama,Historial profano,RAMIREZ_DE_ARELLANOS_LOS.txt,Artelope
"Remedio en la desdicha, La",1596,1587-1604,Parte XIII,1620,Drama,Historial profano,REMEDIO_EN_LA_DESDICHA_EL.txt,Artelope
"Resistencia honrada y condesa Matilde, La",1599-1603,1587-1604,Parte II,1609,Drama,Palatino,RESISTENCIA_HONRADA_Y_CONDESA_MATILDE_LA.txt,Artelope
"Rey sin reino, El",1599-1612,1600-1614,Parte XX,1625,Drama,Historial profano,REY_SIN_REINO_EL.txt,ETSO
"Robo de Dina, El",1615-1622,1615-1629,Parte XXIII,1638,Drama,Historial religioso,ROBO_DE_DINA_EL.txt,Artelope
Roma abrasada,1598-1600,1587-1604,Parte XX,1625,Drama,Historial profano,ROMA_ABRASADA.txt,Artelope
"Ruiseñor de Sevilla, El",1604-1608,1600-1614,Parte XVII,1621,Comedia,Urbano,RUISENOR_DE_SEVILLA_EL.txt,Artelope
"Rústico del cielo, El",1604-1605,1600-1614,Parte XVIII,1623,Drama,Historial religioso,RUSTICO_DEL_CIELO_EL.txt,ETSO
"Saber por no saber y vida de san Julián de Alcalá de Henares, El",Sin fecha,1605-1619,Parte XXIII,1638,Drama,Historial religioso,SABER_POR_NO_SABER_Y_VIDA_DE_SAN_JULIAN_DE_ALCALA_DE_HENARES.txt,ETSO
"Saber puede dañar, El",1620-1625,1615-1629,Parte XXIII,1638,Comedia,Palatino,SABER_PUEDE_DANAR_EL.txt,ETSO
San Diego de Alcalá,1613,1605-1619,Comedias Escogidas. Parte III,1653,Drama,Historial religioso,SAN_DIEGO_DE_ALCALA.txt,ETSO
San Isidro Labrador de Madrid y victoria de las Navas de Tolosa por el rey don Alfonso,1604-1606,1600-1614,Parte VII,1617,Drama,Historial religioso,SAN_ISIDRO_LABRADOR_DE_MADRID_Y_VICTORIA_DE_LAS_NAVAS_DE_TOLOSA.txt,Artelope
San Nicolás de Tolentino,1614,1605-1619,Parte XXIV,1641,Drama,Historial religioso,SAN_NICOLAS_DE_TOLENTINO.txt,Artelope
San Segundo (de Ávila),1594,1587-1604,Manuscrito,Sin fecha,Drama,Historial religioso,SAN_SEGUNDO_DE_AVILA.txt,ETSO
"Santa Liga (Batalla naval), La",1598-1603,1595-1609,Parte XV,1621,Drama,Historial profano,SANTA_LIGA_LA.txt,Artelope
Santiago el verde,1615,1605-1619,Parte XIII,1620,Comedia,Urbano,SANTIAGO_EL_VERDE.txt,Artelope
"Secretario de sí mismo, El",1604-1606,1605-1619,Parte VI,1615,Comedia,Palatino,SECRETARIO_DE_SI_MISMO_EL.txt,ETSO
"Sembrar en buena tierra, El",1616,1610-1624,Parte X,1618,Comedia,Urbano,SEMBRAR_EN_BUENA_TIERRA_EL.txt,Artelope
"Serafín humano, El",1610-1612,1600-1614,Parte XIX,1624,Drama,Historial religioso,SERAFIN_HUMANO_EL.txt,ETSO
"Serrana de la Vera, La",1595-1598,1595-1609,Parte VII,1617,Comedia,Urbano,SERRANA_DE_LA_VEGA_LA.txt,Artelope
"Serrana de Tormes, La",1590-1595,1587-1604,Parte XVI,1621,Comedia,Urbano,SERRANA_DE_TORMES_LA.txt,ETSO
"Servir a buenos, El",1620-1625,1615-1629,Parte XXIV,1641,Comedia,Palatino,SERVIR_A_BUENOS_EL.txt,Artelope
Servir a señor discreto,1610-1612,1600-1614,Parte XI,1618,Comedia,Urbano,SERVIR_A_SENOR_DISCRETO.txt,Prolope
"Servir con mala estrella, El",1604-1608,1605-1619,Parte VI,1615,Drama,Historial profano,SERVIR_CON_MALA_ESTRELLA_EL.txt,ETSO
Si no vieran las mujeres,1631-1632,1620-1634,La Vega del Parnaso,1637,Comedia,Palatino,SI_NO_VIERAN_LAS_MUJERES.txt,ETSO
Siempre ayuda la verdad,Sin fecha,1614-1622,Segunda parte de las comedias del Maestro Tirso de Molina,1635,Comedia,Palatino,SIEMPRE_AYUDA_LA_VERDAD.txt,ETSO
"Silencio agradecido, El",1598-1606,1600-1614,Parte 31 de la Colección de Diferentes Autores,1638,Comedia,Palatino,SILENCIO_AGRADECIDO_EL.txt,ETSO
Sin secreto no hay amor,1626,1615-1629,Suelta atribuida a Pérez de Montalbán,s.f.,Comedia,Palatino,SIN_SECRETO_NO_HAY_AMOR.txt,ETSO
"Sol parado, El",1596-1603,1587-1604,Parte XVII,1621,Drama,Historial profano,SOL_PARADO_EL.txt,Artelope
"Soldado amante, El",1593-1595,1587-1604,Parte XVII,1621,Drama,Palatino,SOLDADO_AMANTE_EL.txt,ETSO
"Sortija del olvido, La",1610-1615,1605-1619,Parte XII,1619,Comedia,Palatino,SORTIJA_DEL_OLVIDO_LA.txt,Artelope
"Sucesos del príncipe Lisardo, Los",Sin fecha,1620-1634,Manuscrito,Sin fecha,Comedia,Palatino,SUCESOS_DEL_PRINCIPE_LISARDO_LOS.txt,ETSO
"Suerte de los reyes o los carboneros, La",1590-1595,1587-1604,Manuscrito,Sin fecha,Drama,Palatino,SUERTE_DE_LOS_REYES_O_LOS_CARBONEROS.txt,ETSO
"Sufrimiento premiado, El",Sin fecha,1587-1604,Comedias del d. J. Pérez de Montalbán. Parte II,1638,Comedia,Urbano,SUFRIMIENTO_PREMIADO_EL.txt,Artelope
"Tello de Meneses, Los",1620-1628,1615-1629,Parte XXI,1635,Drama,Historial profano,TELLO_DE_MENESES_LOS.txt,Artelope
"Testigo contra sí, El",1605-1606,1595-1609,Parte VI,1615,Comedia,Urbano,TESTIGO_CONTRA_SI_EL.txt,ETSO
"Testimonio vengado, El",1596-1603,1587-1604,Parte I,1604,Drama,Historial profano,TESTIMONIO_VENGADO_EL.txt,Artelope
"Tirano castigado, El",1599-1603,1587-1604,Parte IV,1614,Comedia,Palatino,TIRANO_CASTIGADO_EL.txt ,ETSO
"Torneos de Aragón, Los",1598,1587-1604,Parte IV,1614,Comedia,Palatino,TORNEOS_DE_ARAGON_LOS.txt,Artelope
"Trabajos de Jacob. Sueños hay que verdad son, Los",1620-1630,1605-1629,Parte XXII,1635,Drama,Historial religioso,TRABAJOS_DE_JACOB_SUEÑOS_HAY_QUE_VERDAD_SON.txt,Artelope
"Traición bien acertada, La",1588-1595,1587-1604,Parte I,1604,Comedia,Urbano,TRAICION_BIEN_ACERTADA_LA.txt,Artelope
"Tres diamantes, Los",1599-1603,1595-1609,Parte II,1609,Comedia,Palatino,TRES_DIAMANTES_LOS.txt,Artelope
"Triunfo de la humildad y soberbia abatida, El",1612-1614,1595-1609,Parte X,1618,Drama,Palatino,TRIUNFO_DE_LA_HUMILDAD_Y_SOBERBIA_ABATIDA_EL.txt,Artelope
"Valiente Céspedes, El",1612-1615,1605-1619,Parte XX,1625,Drama,Historial profano,VALIENTE_CESPEDES_EL.txt,Artelope
"Valor de las mujeres, El",1615-1616,1610-1624,Parte XVIII,1623,Comedia,Palatino,VALOR_DE_LAS_MUJERES_EL.txt,Artelope
"Valor, fortuna y lealtad de los Tellos de Meneses (segunda parte)",1625-1630,1620-1634,Suelta,Sin fecha,Drama,Historial profano,VALOR_FORTUNA_Y_LEALTAD_DE_LOS_TELLOS_DE_MENESES.txt,Artelope
"Vaquero de Moraña, El",1599-1603,1595-1609,Parte VIII,1617,Drama,Historial profano,VAQUERO_DE_MORAÑA_EL.txt,Artelope
"Varona castellana, La",1599,1595-1609,Parte IX,1617,Drama,Historial profano,VARONA_CASTELLANA_LA.txt,Artelope
"Vellocino de oro, El",1622,1620-1634,Parte XIX,1624,Drama,Mitológico,VELLOCINO_DE_ORO_EL.txt,Artelope
"Vengadora de las mujeres, La",1615-1620,1615-1629,Parte XV,1621,Comedia,Palatino,VENGADORA_DE_LAS_MUJERES_LA.txt,Artelope
"Venganza venturosa, La",1510-1613,1605-1619,Parte X,1618,Comedia,Urbano,VENGANZA_VENTUROSA_LA.txt,Artelope
"Ventura sin buscalla, La",1606-1612,1605-1619,Parte XX,1625,Drama,Palatino,VENTURA_SIN_BUSCALLA_LA.txt,Artelope
Ventura y atrevimiento,1620-1623,1600-1619,Suelta,Sin fecha,Comedia,Palatino,VENTURA_Y_ATREVIMIENTO.txt,ETSO
"Verdadero amante, El",1588-1595,1587-1604,Parte XIV,1620,Comedia,Pastoril,VERDADERO_AMANTE_EL.txt,Artelope
"Victoria de la honra, La",1609-1612,1600-1614,Parte XXI,1635,Drama,Historial profano,VICTORIA_DE_LA_HONRA_LA.txt,Artelope
"Vida de San Pedro Nolasco, La",1629,1620-1634,Parte XXII,1635,Drama,Historial religioso,VIDA_DE_SAN_PEDRO_NOLASCO_LA.txt,Artelope
"Villana de Getafe, La",1610-1614,1600-1614,Parte XIV,1620,Comedia,Urbano,VILLANA_DE_GETAFE.txt,Artelope
"Villano en su rincón, El",1611,1605-1619,Parte VII,1617,Drama,Palatino,VILLANO_EN_SU_RINCON_EL.txt,Artelope
"Virtud, pobreza y mujer",1615,1610-1624,Parte XX,1625,Comedia,Urbano,VIRTUD_POBREZA_Y_MUJER.txt,ETSO
"Viuda valenciana, La",1599-1600,1587-1604,Parte XIV,1620,Comedia,Urbano,VIUDA_VALENCIANA_LA.txt,Artelope
"Viuda, casada y doncella",1597,1587-1604,Parte VII,1617,Comedia,Urbano,VIUDA_CASADA_Y_DONCELLA.txt,ETSO
"Yerros por amor, Los",1623-1624,1620-1634,Suelta,Sin fecha,Comedia,Urbano,YERROS_POR_AMOR_LOS.txt,ETSO
"Yo he hecho lo que he podido, fortuna lo que ha querido",1629,1620-1634,Suelta,Sin fecha,Drama,Historial profano,YO_HE_HECHO_LO_QUE_HE_PODIDO_FORTUNA_LO_QUE_HA_QUERIDO.txt,ETSO
Yo me entiendo,Sin fecha,1620-1634,Manuscrito,Sin fecha,Comedia,Palatino,YO_ME_ENTIENDO.txt,ETSO
